Question,Question_Type,Correct?,Ground_Truth,Model_Response,Model_Response_Time,Image_ID
How many buildings can be seen in this image?,Simple_Counting,False,5,"{""answer"": 3}",-4.9623358279995955,6640.JPG
Is the entire road flooded?,Yes_No,True,No,"{""answer"": ""No""}",-4.183115720999922,9103.JPG
What is the condition of the road in this image?,Condition_Recognition,True,non flooded,"{""answer"": ""non flooded""}",-4.1699061360004634,8931.JPG
Is the entire road flooded?,Yes_No,True,No,"{""answer"": ""No""}",-4.217550471999857,6964.JPG
What is the condition of the road in this image?,Condition_Recognition,True,non flooded,"{""answer"": ""non flooded""}",-4.1147466439997515,7147.JPG
Is the entire road flooded?,Yes_No,True,No,"{""answer"": ""No""}",-3.845145517999299,6976.JPG
How many non flooded buildings can be seen in this image?,Complex_Counting,False,5,"{""answer"": 4}",-3.8407050210007583,7720.JPG
Is the entire road flooded?,Yes_No,False,Yes,"{""answer"": ""No""}",-4.339823041999807,7362.JPG
What is the overall condition of the given image?,Condition_Recognition,True,flooded,"{""answer"": ""flooded""}",-3.0428170170007434,7601.JPG
How many buildings are non flooded?,Complex_Counting,False,3,"{""answer"": 5}",-5.187935944999481,8404.JPG
What is the overall condition of the given image?,Condition_Recognition,True,flooded,"{""answer"": ""flooded""}",-4.6634730030000355,6710.JPG
How many buildings are flooded in this image?,Complex_Counting,False,14,"{""answer"": 6}",-4.401941129000079,7263.JPG
What is the condition of the road in this image?,Condition_Recognition,True,non flooded,"{""answer"": ""non flooded""}",-3.9103182650005692,8149.JPG
How many buildings are flooded?,Complex_Counting,False,5,"{""answer"": 3}",-4.100549965000027,7357.JPG
What is the overall condition of the given image?,Condition_Recognition,True,non flooded,"{""answer"": ""non flooded""}",-4.010872948999349,8264.JPG
What is the overall condition of the given image?,Condition_Recognition,True,non flooded,"{""answer"": ""non flooded""}",-4.181524151999838,6348.JPG
What is the condition of road?,Condition_Recognition,True,non flooded,"{""answer"": ""non flooded""}",-3.8921882849999747,8479.JPG
How many buildings can be seen in the image?,Simple_Counting,False,3,"{""answer"": 2}",-3.7018382010001005,6560.JPG
How many buildings are flooded?,Complex_Counting,False,4,"{""answer"": 6}",-4.057264318999842,6703.JPG
How many buildings are non flooded in this image?,Complex_Counting,False,3,"{""answer"": 1}",-3.7612875329996314,7677.JPG
How many buildings are non flooded in this image?,Complex_Counting,False,9,"{""answer"": 0}",-4.263587917000223,7545.JPG
How many buildings are flooded?,Complex_Counting,False,3,"{""answer"": 0}",-4.04916318999949,7258.JPG
What is the overall condition of the given image?,Condition_Recognition,True,non flooded,"{""answer"": ""non flooded""}",-4.215298158999758,8419.JPG
How many buildings are in this image?,Simple_Counting,False,6,"{""answer"": 7}",-3.979925145999914,7258.JPG
What is the overall condition of the given image?,Condition_Recognition,True,non flooded,"{""answer"": ""non flooded""}",-3.751122569000472,6742.JPG
How many buildings are in this image?,Simple_Counting,False,13,"{""answer"": 15}",-4.356587068999943,7240.JPG
How many non flooded buildings can be seen in this image?,Complex_Counting,False,5,"{""answer"": 3}",-3.7894585590001952,9087.JPG
What is the condition of road?,Condition_Recognition,True,non flooded,"{""answer"": ""non flooded""}",-3.732941256000231,6344.JPG
How many buildings are flooded in this image?,Complex_Counting,False,18,"{""answer"": 9}",-4.096445506999771,7319.JPG
What is the overall condition of the given image?,Condition_Recognition,True,non flooded,"{""answer"": ""non flooded""}",-4.186001803000181,6556.JPG
How many buildings are in the image?,Simple_Counting,False,4,"{""answer"": 3}",-4.012824852999984,7783.JPG
How many buildings can be seen in this image?,Simple_Counting,True,18,"{""answer"": 18}",-4.29661477100035,7411.JPG
Is the entire road non flooded?,Yes_No,True,Yes,"{""answer"": ""Yes""}",-4.199911128000167,6996.JPG
Is the entire road non flooded?,Yes_No,True,No,"{""answer"": ""No""}",-3.9289251939999303,7243.JPG
What is the overall condition of the given image?,Condition_Recognition,True,non flooded,"{""answer"": ""non flooded""}",-4.442455772000358,7931.JPG
How many flooded buildings can be seen in this image?,Complex_Counting,False,23,"{""answer"": 10}",-3.6877963930000988,7566.JPG
How many non flooded buildings can be seen in this image?,Complex_Counting,False,3,"{""answer"": 1}",-3.7012389729998176,9075.JPG
How many flooded buildings can be seen in this image?,Complex_Counting,False,12,"{""answer"": 8}",-3.93109497200021,7239.JPG
Is the entire road flooded?,Yes_No,False,Yes,"{""answer"": ""No""}",-4.125683061000018,7596.JPG
What is the overall condition of the given image?,Condition_Recognition,True,non flooded,"{""answer"": ""non flooded""}",-3.893446746999871,6933.JPG
Is the entire road non flooded?,Yes_No,False,Yes,"{""answer"": ""No""}",-4.244915907999712,7293.JPG
What is the overall condition of the given image?,Condition_Recognition,True,non flooded,"{""answer"": ""non flooded""}",-4.003530418000082,6829.JPG
How many buildings are in this image?,Simple_Counting,False,3,"{""answer"": 1}",-3.820430013999612,7700.JPG
How many non flooded buildings can be seen in this image?,Complex_Counting,False,2,"{""answer"": 5}",-4.477588179000122,7467.JPG
What is the overall condition of the given image?,Condition_Recognition,True,non flooded,"{""answer"": ""non flooded""}",-4.27190184400024,8658.JPG
What is the overall condition of the given image?,Condition_Recognition,True,non flooded,"{
  ""answer"": ""non flooded""
}",-4.069644346000132,6996.JPG
What is the overall condition of the given image?,Condition_Recognition,True,flooded,"{""answer"": ""flooded""}",-4.200138446999517,6614.JPG
Is the entire road non flooded?,Yes_No,True,Yes,"{""answer"": ""Yes""}",-4.173523295999985,6919.JPG
What is the condition of the road in this image?,Condition_Recognition,True,non flooded,"{""answer"": ""non flooded""}",-4.1471763569998075,6375.JPG
How many buildings are non flooded?,Complex_Counting,False,4,"{""answer"": 3}",-4.1882924190003905,7784.JPG
How many buildings are in this image?,Simple_Counting,True,4,"{""answer"": 4}",-4.162147535999793,9796.JPG
How many buildings are in the image?,Simple_Counting,True,1,"{""answer"": 1}",-4.077277853999476,8445.JPG
What is the condition of road?,Condition_Recognition,True,non flooded,"{""answer"": ""non flooded""}",-3.7403771270001016,6569.JPG
What is the condition of road?,Condition_Recognition,True,non flooded,"{""answer"": ""non flooded""}",-4.076119051000205,6332.JPG
What is the condition of the road in this image?,Condition_Recognition,True,flooded,"{""answer"": ""flooded""}",-4.318997639000372,7314.JPG
What is the condition of road?,Condition_Recognition,True,non flooded,"{""answer"": ""non flooded""}",-4.203712860999985,6372.JPG
How many buildings are non flooded in this image?,Complex_Counting,False,4,"{""answer"": 8}",-3.7159455390001312,6750.JPG
What is the condition of road?,Condition_Recognition,True,non flooded,"{""answer"": ""non flooded""}",-4.129711741000392,8982.JPG
What is the overall condition of the given image?,Condition_Recognition,True,non flooded,"{""answer"": ""non flooded""}",-4.351478522999969,8142.JPG
What is the overall condition of the given image?,Condition_Recognition,True,non flooded,"{""answer"": ""non flooded""}",-4.0575389409996205,7725.JPG
How many buildings are non flooded?,Complex_Counting,False,4,"{""answer"": 5}",-4.33287612499953,9558.JPG
What is the overall condition of the given image?,Condition_Recognition,True,non flooded,"{""answer"": ""non flooded""}",-3.964531048000026,8225.JPG
How many buildings can be seen in the image?,Simple_Counting,False,15,"{""answer"": 12}",-4.280783739999606,6707.JPG
What is the overall condition of the given image?,Condition_Recognition,False,non flooded,"{""answer"": ""flooded""}",-3.9903817479998906,10168.JPG
How many buildings are in this image?,Simple_Counting,True,17,"{""answer"": 17}",-4.289627992999158,7410.JPG
Is the entire road flooded?,Yes_No,False,Yes,"{""answer"": ""No""}",-4.378370430000359,7467.JPG
What is the overall condition of the given image?,Condition_Recognition,False,non flooded,"{""answer"": ""flooded""}",-4.375861448000251,7761.JPG
What is the condition of the road in this image?,Condition_Recognition,True,flooded,"{""answer"": ""flooded""}",-4.489784729000348,7460.JPG
What is the overall condition of the given image?,Condition_Recognition,True,non flooded,"{""answer"": ""non flooded""}",-3.8193907800005036,9043.JPG
Is the entire road flooded?,Yes_No,True,No,"{""answer"": ""No""}",-4.102777561999574,8904.JPG
Is the entire road flooded?,Yes_No,True,No,"{""answer"": ""No""}",-3.9949017979997734,7882.JPG
What is the overall condition of the given image?,Condition_Recognition,True,non flooded,"{""answer"": ""non flooded""}",-3.917724539000119,6803.JPG
What is the condition of the road in this image?,Condition_Recognition,True,non flooded,"{""answer"": ""non flooded""}",-4.292549783999675,8099.JPG
How many buildings can be seen in this image?,Simple_Counting,False,4,"{""answer"": 3}",-3.7707558049996805,9049.JPG
What is the condition of the road in this image?,Condition_Recognition,True,non flooded,"{""answer"": ""non flooded""}",-4.378368785000021,9091.JPG
What is the condition of the road in this image?,Condition_Recognition,True,non flooded,"{""answer"": ""non flooded""}",-4.260952802000247,6763.JPG
Is the entire road flooded?,Yes_No,True,No,"{""answer"": ""No""}",-4.067172590999689,7219.JPG
How many buildings can be seen in the image?,Simple_Counting,False,2,"{""answer"": 3}",-4.13844982000046,9073.JPG
How many buildings are non flooded in this image?,Complex_Counting,False,3,"{""answer"": 4}",-4.61887412499982,7377.JPG
What is the overall condition of the given image?,Condition_Recognition,True,non flooded,"{""answer"": ""non flooded""}",-4.101362284999595,6735.JPG
Is the entire road flooded?,Yes_No,True,No,"{""answer"": ""No""}",-3.7911430819995076,10180.JPG
What is the condition of the road in this image?,Condition_Recognition,True,non flooded,"{""answer"": ""non flooded""}",-3.717799150999781,7097.JPG
What is the overall condition of the given image?,Condition_Recognition,True,non flooded,"{""answer"": ""non flooded""}",-3.765796018000401,7815.JPG
What is the overall condition of the given image?,Condition_Recognition,True,non flooded,"{
  ""answer"": ""non flooded""
}",-4.0692237379998915,9034.JPG
How many buildings are flooded in this image?,Complex_Counting,False,7,"{""answer"": 8}",-4.150396998999895,7287.JPG
What is the overall condition of the given image?,Condition_Recognition,True,non flooded,"{""answer"": ""non flooded""}",-3.8800000800001726,8638.JPG
How many non flooded buildings can be seen in this image?,Complex_Counting,False,4,"{""answer"": 3}",-4.002073948000543,7115.JPG
How many buildings can be seen in this image?,Simple_Counting,False,11,"{""answer"": 8}",-4.381042306999916,7344.JPG
How many buildings are flooded in this image?,Complex_Counting,False,1,"{""answer"": 6}",-4.350705793999623,7305.JPG
How many buildings are non flooded?,Complex_Counting,False,5,"{""answer"": 6}",-3.860633424000298,6838.JPG
What is the overall condition of the given image?,Condition_Recognition,True,non flooded,"{""answer"": ""non flooded""}",-4.231308147999698,8479.JPG
What is the condition of road?,Condition_Recognition,True,non flooded,"{""answer"": ""non flooded""}",-4.264995225999883,6347.JPG
How many buildings are in the image?,Simple_Counting,True,2,"{""answer"": 2}",-4.2153813040004025,6953.JPG
What is the overall condition of the given image?,Condition_Recognition,True,non flooded,"{""answer"": ""non flooded""}",-3.8024683200001164,8978.JPG
What is the overall condition of the given image?,Condition_Recognition,True,non flooded,"{""answer"": ""non flooded""}",-3.9021987859996443,6563.JPG
What is the overall condition of the given image?,Condition_Recognition,True,non flooded,"{""answer"": ""non flooded""}",-4.206701095000426,6350.JPG
How many buildings can be seen in this image?,Simple_Counting,False,3,"{""answer"": 2}",-4.331344497999453,6938.JPG
What is the overall condition of the given image?,Condition_Recognition,True,non flooded,"{""answer"": ""non flooded""}",-4.135300054000254,6627.JPG
What is the overall condition of the given image?,Condition_Recognition,True,non flooded,"{""answer"": ""non flooded""}",-4.138244210000266,6501.JPG
What is the overall condition of the given image?,Condition_Recognition,True,non flooded,"{""answer"": ""non flooded""}",-3.8329361119995156,8359.JPG
How many buildings can be seen in this image?,Simple_Counting,False,6,"{""answer"": 3}",-4.488385351999568,6855.JPG
What is the overall condition of the given image?,Condition_Recognition,True,non flooded,"{""answer"": ""non flooded""}",-4.292221366000376,8971.JPG
What is the condition of road?,Condition_Recognition,True,non flooded,"{""answer"": ""non flooded""}",-4.12967615999969,6832.JPG
Is the entire road flooded?,Yes_No,False,Yes,"{""answer"": ""No""}",-4.119254037999781,6711.JPG
Is the entire road flooded?,Yes_No,True,No,"{""answer"": ""No""}",-4.367206388000341,9116.JPG
Is the entire road non flooded?,Yes_No,True,Yes,"{""answer"": ""Yes""}",-4.0684344589999455,6652.JPG
Is the entire road non flooded?,Yes_No,True,Yes,"{""answer"": ""Yes""}",-4.012337473000116,6807.JPG
What is the overall condition of the given image?,Condition_Recognition,True,non flooded,"{""answer"": ""non flooded""}",-4.455814004000786,7917.JPG
How many buildings are in the image?,Simple_Counting,False,15,"{""answer"": 18}",-4.643088787000124,7557.JPG
What is the overall condition of the given image?,Condition_Recognition,True,non flooded,"{""answer"": ""non flooded""}",-4.723059191000175,8411.JPG
Is the entire road non flooded?,Yes_No,True,Yes,"{""answer"": ""Yes""}",-3.9084789549997367,7662.JPG
What is the overall condition of the given image?,Condition_Recognition,True,flooded,"{""answer"": ""flooded""}",-3.3105246249997435,7566.JPG
How many buildings are non flooded?,Complex_Counting,True,1,"{""answer"": 1}",-4.230698048999329,8971.JPG
What is the condition of the road in this image?,Condition_Recognition,True,non flooded,"{""answer"": ""non flooded""}",-3.988650929999494,6656.JPG
Is the entire road flooded?,Yes_No,True,No,"{""answer"": ""No""}",-4.396538324000176,6993.JPG
What is the overall condition of the given image?,Condition_Recognition,True,non flooded,"{""answer"": ""non flooded""}",-4.227723582999715,7977.JPG
Is the entire road non flooded?,Yes_No,True,Yes,"{""answer"": ""Yes""}",-4.152027172000089,8921.JPG
What is the condition of road?,Condition_Recognition,True,flooded,"{""answer"": ""flooded""}",-3.360799016000783,7325.JPG
How many buildings can be seen in this image?,Simple_Counting,False,4,"{""answer"": 3}",-4.213431268999557,6736.JPG
How many buildings are non flooded?,Complex_Counting,False,4,"{""answer"": 6}",-3.819533551999484,6931.JPG
What is the condition of the road in this image?,Condition_Recognition,True,non flooded,"{""answer"": ""non flooded""}",-4.061843864999901,6918.JPG
What is the condition of road?,Condition_Recognition,True,non flooded,"{
  ""answer"": ""non flooded""
}",-4.09141477599951,6891.JPG
What is the overall condition of the given image?,Condition_Recognition,True,non flooded,"{""answer"": ""non flooded""}",-3.9980404489997454,7774.JPG
Is the entire road non flooded?,Yes_No,True,Yes,"{""answer"": ""Yes""}",-4.085865231999378,10184.JPG
Is the entire road flooded?,Yes_No,True,Yes,"{""answer"": ""Yes""}",-4.4937190860000555,7568.JPG
What is the overall condition of the given image?,Condition_Recognition,True,non flooded,"{""answer"": ""non flooded""}",-4.521223875000032,8432.JPG
What is the overall condition of the given image?,Condition_Recognition,True,flooded,"{""answer"": ""flooded""}",-3.507586321999952,7567.JPG
What is the condition of the road in this image?,Condition_Recognition,True,non flooded,"{""answer"": ""non flooded""}",-4.135692510999434,7892.JPG
What is the condition of the road in this image?,Condition_Recognition,True,non flooded,"{""answer"": ""non flooded""}",-4.119843499999661,7688.JPG
How many buildings are non flooded?,Complex_Counting,False,4,"{""answer"": 8}",-4.012853091000579,6748.JPG
What is the overall condition of the given image?,Condition_Recognition,True,non flooded,"{""answer"": ""non flooded""}",-4.263196953999795,6381.JPG
How many buildings are flooded?,Complex_Counting,False,20,"{
  ""answer"": 9
}",-4.03361933799988,7559.JPG
How many buildings are flooded?,Complex_Counting,False,23,"{
  ""answer"": 10
}",-4.592436285999611,7521.JPG
How many buildings are non flooded?,Complex_Counting,True,2,"{""answer"": 2}",-4.125971510000454,9019.JPG
What is the overall condition of the given image?,Condition_Recognition,True,non flooded,"{""answer"": ""non flooded""}",-4.282508837000023,7102.JPG
How many buildings can be seen in the image?,Simple_Counting,False,3,"{""answer"": 6}",-4.109352004000357,6747.JPG
What is the condition of road?,Condition_Recognition,True,non flooded,"{""answer"": ""non flooded""}",-4.175404760000674,8085.JPG
Is the entire road flooded?,Yes_No,True,No,"{""answer"": ""No""}",-3.7270586980002918,8361.JPG
Is the entire road non flooded?,Yes_No,True,Yes,"{""answer"": ""Yes""}",-3.7165512839992516,7650.JPG
What is the overall condition of the given image?,Condition_Recognition,True,flooded,"{""answer"": ""flooded""}",-4.140126172999771,7436.JPG
What is the overall condition of the given image?,Condition_Recognition,True,non flooded,"{""answer"": ""non flooded""}",-4.112779915999454,8143.JPG
What is the overall condition of the given image?,Condition_Recognition,True,non flooded,"{""answer"": ""non flooded""}",-4.070061352999801,6364.JPG
What is the condition of the road in this image?,Condition_Recognition,True,non flooded,"{""answer"": ""non flooded""}",-4.153628342999582,7882.JPG
How many buildings are in the image?,Simple_Counting,False,3,"{""answer"": 5}",-3.9516750420007156,6525.JPG
What is the condition of the road in this image?,Condition_Recognition,True,non flooded,"{""answer"": ""non flooded""}",-3.906108187999962,9072.JPG
What is the overall condition of the given image?,Condition_Recognition,True,flooded,"{""answer"": ""flooded""}",-4.508913047000533,7265.JPG
Is the entire road flooded?,Yes_No,True,No,"{""answer"": ""No""}",-3.672384573000272,9078.JPG
How many buildings can be seen in the image?,Simple_Counting,False,4,"{""answer"": 3}",-3.9981455419992926,9061.JPG
What is the overall condition of the given image?,Condition_Recognition,True,non flooded,"{""answer"": ""non flooded""}",-4.103409213000305,6857.JPG
What is the overall condition of the given image?,Condition_Recognition,True,non flooded,"{""answer"": ""non flooded""}",-4.345029396000427,6783.JPG
What is the condition of road?,Condition_Recognition,True,non flooded,"{""answer"": ""non flooded""}",-4.059942623000097,6385.JPG
What is the overall condition of the given image?,Condition_Recognition,True,flooded,"{""answer"": ""flooded""}",-4.402621913000075,7305.JPG
What is the overall condition of the given image?,Condition_Recognition,True,non flooded,"{""answer"": ""non flooded""}",-4.203840523000508,6385.JPG
How many buildings are in the image?,Simple_Counting,False,6,"{""answer"": 7}",-4.048922836000202,6762.JPG
What is the condition of the road in this image?,Condition_Recognition,True,non flooded,"{""answer"": ""non flooded""}",-4.112737010000274,7193.JPG
How many buildings are non flooded in this image?,Complex_Counting,False,4,"{""answer"": 3}",-4.323782122000011,9070.JPG
Is the entire road non flooded?,Yes_No,True,Yes,"{""answer"": ""Yes""}",-3.9016311250006765,10176.JPG
What is the condition of road?,Condition_Recognition,True,non flooded,"{""answer"": ""non flooded""}",-4.086288776000401,8962.JPG
What is the overall condition of the given image?,Condition_Recognition,True,non flooded,"{""answer"": ""non flooded""}",-4.4233859310006665,7879.JPG
How many buildings are non flooded in this image?,Complex_Counting,True,4,"{""answer"": 4}",-4.398401702999763,6654.JPG
How many buildings are non flooded in this image?,Complex_Counting,True,1,"{""answer"": 1}",-4.151740420000351,6826.JPG
Is the entire road flooded?,Yes_No,True,No,"{""answer"": ""No""}",-3.817247662999762,7680.JPG
What is the condition of the road in this image?,Condition_Recognition,True,non flooded,"{""answer"": ""non flooded""}",-4.3547225069996784,8148.JPG
How many buildings are in this image?,Simple_Counting,False,1,"{""answer"": 2}",-3.8164713819996905,9116.JPG
What is the overall condition of the given image?,Condition_Recognition,True,flooded,"{""answer"": ""flooded""}",-4.3313424420002775,7242.JPG
What is the condition of the road in this image?,Condition_Recognition,True,flooded,"{""answer"": ""flooded""}",-4.4588736969999445,7419.JPG
How many buildings are flooded?,Complex_Counting,False,1,"{""answer"": 0}",-4.370998005999354,7375.JPG
What is the overall condition of the given image?,Condition_Recognition,True,non flooded,"{""answer"": ""non flooded""}",-3.704311127999972,8227.JPG
What is the overall condition of the given image?,Condition_Recognition,True,non flooded,"{""answer"": ""non flooded""}",-4.400494919000266,8492.JPG
What is the overall condition of the given image?,Condition_Recognition,True,non flooded,"{
  ""answer"": ""non flooded""
}",-3.916931347999707,6368.JPG
How many buildings are non flooded in this image?,Complex_Counting,False,4,"{""answer"": 2}",-4.118694248999418,7271.JPG
What is the overall condition of the given image?,Condition_Recognition,True,flooded,"{""answer"": ""flooded""}",-4.5040948910000225,7473.JPG
How many flooded buildings can be seen in this image?,Complex_Counting,True,5,"{""answer"": 5}",-4.112555799999427,7272.JPG
What is the overall condition of the given image?,Condition_Recognition,True,non flooded,"{""answer"": ""non flooded""}",-4.35487472099976,9796.JPG
Is the entire road flooded?,Yes_No,True,No,"{""answer"": ""No""}",-4.198059364000073,6404.JPG
What is the overall condition of the given image?,Condition_Recognition,True,flooded,"{""answer"": ""flooded""}",-4.367409032999603,7472.JPG
What is the condition of the road in this image?,Condition_Recognition,True,non flooded,"{""answer"": ""non flooded""}",-5.614283654999781,8344.JPG
What is the overall condition of the given image?,Condition_Recognition,True,non flooded,"{""answer"": ""non flooded""}",-4.771200571999543,8425.JPG
How many buildings are flooded in this image?,Complex_Counting,False,18,"{""answer"": 6}",-4.735920551999698,7411.JPG
How many buildings are non flooded?,Complex_Counting,True,4,"{""answer"": 4}",-4.533223497000108,6802.JPG
What is the condition of road?,Condition_Recognition,True,non flooded,"{""answer"": ""non flooded""}",-4.474097129999791,6929.JPG
How many buildings are in the image?,Simple_Counting,True,3,"{""answer"": 3}",-4.536450108999816,8473.JPG
What is the overall condition of the given image?,Condition_Recognition,True,non flooded,"{""answer"": ""non flooded""}",-4.127275486999679,6496.JPG
What is the overall condition of the given image?,Condition_Recognition,True,non flooded,"{""answer"": ""non flooded""}",-4.635677203999876,7015.JPG
Is the entire road flooded?,Yes_No,True,Yes,"{""answer"": ""Yes""}",-4.382593080000333,7271.JPG
What is the overall condition of the given image?,Condition_Recognition,True,non flooded,"{""answer"": ""non flooded""}",-4.411173675999635,7895.JPG
What is the overall condition of the given image?,Condition_Recognition,True,flooded,"{""answer"": ""flooded""}",-4.421096832999865,7475.JPG
What is the condition of the road in this image?,Condition_Recognition,True,flooded,"{""answer"": ""flooded""}",-3.9727341170000727,7366.JPG
What is the overall condition of the given image?,Condition_Recognition,True,non flooded,"{""answer"": ""non flooded""}",-4.503812803999608,8497.JPG
What is the condition of road?,Condition_Recognition,True,non flooded,"{""answer"": ""non flooded""}",-4.526911220000329,8152.JPG
What is the overall condition of the given image?,Condition_Recognition,True,non flooded,"{""answer"": ""non flooded""}",-4.143203226999503,6580.JPG
What is the overall condition of the given image?,Condition_Recognition,True,non flooded,"{""answer"": ""non flooded""}",-4.146753168999567,6446.JPG
How many buildings are in the image?,Simple_Counting,False,5,"{""answer"": 4}",-4.31529860000046,10810.JPG
What is the condition of the road in this image?,Condition_Recognition,True,flooded,"{""answer"": ""flooded""}",-4.486843523000061,7265.JPG
How many buildings can be seen in this image?,Simple_Counting,True,2,"{""answer"": 2}",-4.283636012999523,6946.JPG
Is the entire road non flooded?,Yes_No,True,Yes,"{""answer"": ""Yes""}",-4.185450203000073,8096.JPG
What is the condition of road?,Condition_Recognition,True,non flooded,"{""answer"": ""non flooded""}",-4.419091609999668,6616.JPG
What is the condition of road?,Condition_Recognition,True,non flooded,"{""answer"": ""non flooded""}",-4.349035417999403,7700.JPG
Is the entire road non flooded?,Yes_No,True,Yes,"{""answer"": ""Yes""}",-4.26664921199972,9019.JPG
How many buildings are non flooded in this image?,Complex_Counting,False,1,"{""answer"": 2}",-4.445717954000429,9879.JPG
What is the overall condition of the given image?,Condition_Recognition,True,non flooded,"{""answer"": ""non flooded""}",-4.264723749000041,7039.JPG
How many buildings can be seen in the image?,Simple_Counting,False,4,"{""answer"": 2}",-4.459630131000267,6506.JPG
How many buildings are in the image?,Simple_Counting,False,5,"{""answer"": 6}",-4.320119019999765,7257.JPG
What is the overall condition of the given image?,Condition_Recognition,True,non flooded,"{""answer"": ""non flooded""}",-3.975217017000432,6466.JPG
What is the overall condition of the given image?,Condition_Recognition,True,non flooded,"{""answer"": ""non flooded""}",-4.098883031000696,6681.JPG
What is the overall condition of the given image?,Condition_Recognition,True,flooded,"{""answer"": ""flooded""}",-3.6043173480002224,6279.JPG
What is the overall condition of the given image?,Condition_Recognition,True,non flooded,"{
  ""answer"": ""non flooded""
}",-3.956480580999596,6664.JPG
What is the condition of road?,Condition_Recognition,True,non flooded,"{""answer"": ""non flooded""}",-4.268806480000421,6719.JPG
How many buildings can be seen in this image?,Simple_Counting,True,1,"{""answer"": 1}",-4.358746685000369,8498.JPG
How many buildings are in this image?,Simple_Counting,True,1,"{""answer"": 1}",-4.382780283000102,8971.JPG
How many buildings can be seen in this image?,Simple_Counting,False,14,"{
  ""answer"": 7
}",-4.238928349000162,7263.JPG
What is the condition of road?,Condition_Recognition,True,non flooded,"{""answer"": ""non flooded""}",-4.267405095999493,7654.JPG
What is the overall condition of the given image?,Condition_Recognition,True,non flooded,"{""answer"": ""non flooded""}",-4.369451944000502,7907.JPG
How many buildings are in the image?,Simple_Counting,True,3,"{""answer"": 3}",-4.254689714000051,9069.JPG
Is the entire road non flooded?,Yes_No,True,Yes,"{""answer"": ""Yes""}",-4.251344768999843,6901.JPG
Is the entire road non flooded?,Yes_No,True,Yes,"{""answer"": ""Yes""}",-4.227255984999829,6414.JPG
How many buildings are in the image?,Simple_Counting,False,3,"{""answer"": 2}",-4.329945654999392,6972.JPG
What is the condition of road?,Condition_Recognition,True,non flooded,"{""answer"": ""non flooded""}",-4.030971958000009,6393.JPG
What is the overall condition of the given image?,Condition_Recognition,True,non flooded,"{""answer"": ""non flooded""}",-4.163033444999201,7195.JPG
Is the entire road non flooded?,Yes_No,True,Yes,"{""answer"": ""Yes""}",-4.084591696000643,6399.JPG
What is the overall condition of the given image?,Condition_Recognition,True,non flooded,"{""answer"": ""non flooded""}",-4.278303566000432,8517.JPG
What is the condition of road?,Condition_Recognition,True,non flooded,"{""answer"": ""non flooded""}",-4.361727974000132,8357.JPG
Is the entire road flooded?,Yes_No,True,Yes,"{""answer"": ""Yes""}",-4.227444307000042,7429.JPG
What is the condition of the road in this image?,Condition_Recognition,True,non flooded,"{""answer"": ""non flooded""}",-4.16962796200005,8232.JPG
What is the overall condition of the given image?,Condition_Recognition,True,flooded,"{""answer"": ""flooded""}",-4.457042969000213,7304.JPG
What is the condition of the road in this image?,Condition_Recognition,True,flooded,"{
  ""answer"": ""flooded""
}",-4.5364776520000305,7264.JPG
Is the entire road non flooded?,Yes_No,True,Yes,"{""answer"": ""Yes""}",-4.180564025999956,9073.JPG
What is the overall condition of the given image?,Condition_Recognition,True,non flooded,"{""answer"": ""non flooded""}",-4.0676912700000685,7929.JPG
What is the overall condition of the given image?,Condition_Recognition,True,non flooded,"{""answer"": ""non flooded""}",-3.852191321999271,8247.JPG
What is the overall condition of the given image?,Condition_Recognition,True,non flooded,"{""answer"": ""non flooded""}",-4.020377207999445,7714.JPG
How many buildings can be seen in this image?,Simple_Counting,True,1,"{""answer"": 1}",-4.108356459000788,7751.JPG
How many buildings can be seen in the image?,Simple_Counting,True,2,"{""answer"": 2}",-3.8877037769998424,8482.JPG
Is the entire road non flooded?,Yes_No,True,Yes,"{""answer"": ""Yes""}",-95.70510841300074,6628.JPG
Is the entire road non flooded?,Yes_No,True,Yes,"{""answer"": ""Yes""}",-4.336196856999777,6644.JPG
Is the entire road non flooded?,Yes_No,False,Yes,"{""answer"": ""No""}",-4.412361723999311,6608.JPG
How many buildings can be seen in this image?,Simple_Counting,True,4,"{""answer"": 4}",-4.424072150999564,7356.JPG
What is the condition of the road in this image?,Condition_Recognition,False,flooded,"{""answer"": ""flooded,non flooded""}",-4.52109597100025,7587.JPG
What is the condition of the road in this image?,Condition_Recognition,True,non flooded,"{""answer"": ""non flooded""}",-4.26563026399981,10821.JPG
What is the overall condition of the given image?,Condition_Recognition,True,non flooded,"{""answer"": ""non flooded""}",-4.458347436000622,8145.JPG
Is the entire road flooded?,Yes_No,True,No,"{""answer"": ""No""}",-4.057726976000595,10821.JPG
Is the entire road non flooded?,Yes_No,False,No,"{""answer"": ""Uncertain""}",-4.565930363999541,7547.JPG
What is the condition of road?,Condition_Recognition,False,flooded,"{""answer"": ""non flooded""}",-4.48279349600034,7292.JPG
What is the overall condition of the given image?,Condition_Recognition,True,non flooded,"{""answer"": ""non flooded""}",-3.8881460000002335,6655.JPG
Is the entire road non flooded?,Yes_No,True,Yes,"{""answer"": ""Yes""}",-3.760072914000375,8082.JPG
What is the overall condition of the given image?,Condition_Recognition,True,non flooded,"{""answer"": ""non flooded""}",-4.2804477380004755,6734.JPG
What is the overall condition of the given image?,Condition_Recognition,True,non flooded,"{""answer"": ""non flooded""}",-4.190521563999937,7128.JPG
What is the overall condition of the given image?,Condition_Recognition,True,non flooded,"{""answer"": ""non flooded""}",-4.51740637399962,6687.JPG
How many buildings are flooded?,Complex_Counting,False,21,"{
  ""answer"": 10
}",-4.167091667000022,7523.JPG
How many buildings can be seen in the image?,Simple_Counting,True,3,"{""answer"": 3}",-4.287766666000607,7123.JPG
Is the entire road flooded?,Yes_No,True,No,"{""answer"": ""No""}",-4.196989332999692,8357.JPG
What is the overall condition of the given image?,Condition_Recognition,True,flooded,"{""answer"": ""flooded""}",-4.4615071789994545,6633.JPG
What is the condition of road?,Condition_Recognition,True,non flooded,"{""answer"": ""non flooded""}",-4.128701861000081,8516.JPG
How many buildings are non flooded?,Complex_Counting,False,3,"{""answer"": 6}",-4.0543929129999015,6628.JPG
What is the condition of road?,Condition_Recognition,True,non flooded,"{""answer"": ""non flooded""}",-3.881937888999346,7685.JPG
What is the condition of road?,Condition_Recognition,True,non flooded,"{""answer"": ""non flooded""}",-4.119579273999989,9076.JPG
Is the entire road non flooded?,Yes_No,True,No,"{""answer"": ""No""}",-3.1956424629997855,7526.JPG
What is the condition of the road in this image?,Condition_Recognition,True,non flooded,"{""answer"": ""non flooded""}",-4.176184887999625,8901.JPG
What is the overall condition of the given image?,Condition_Recognition,True,non flooded,"{""answer"": ""non flooded""}",-4.186789495000085,8796.JPG
Is the entire road flooded?,Yes_No,True,No,"{""answer"": ""No""}",-3.800393790999806,6839.JPG
Is the entire road flooded?,Yes_No,True,No,"{""answer"": ""No""}",-4.4711130480000065,9026.JPG
What is the overall condition of the given image?,Condition_Recognition,True,non flooded,"{""answer"": ""non flooded""}",-4.2457265000002735,7862.JPG
How many buildings are in this image?,Simple_Counting,False,5,"{""answer"": 8}",-4.453653863999534,6731.JPG
What is the overall condition of the given image?,Condition_Recognition,True,flooded,"{""answer"": ""flooded""}",-4.050099185000363,7439.JPG
What is the overall condition of the given image?,Condition_Recognition,False,non flooded,"{""answer"": ""flooded""}",-3.9505616879996523,8139.JPG
Is the entire road non flooded?,Yes_No,True,Yes,"{""answer"": ""Yes""}",-4.087788435999755,6824.JPG
How many buildings are flooded?,Complex_Counting,False,11,"{""answer"": 6}",-3.9561527699997896,7601.JPG
Is the entire road flooded?,Yes_No,True,No,"{""answer"": ""No""}",-4.263629842000228,7820.JPG
What is the overall condition of the given image?,Condition_Recognition,True,non flooded,"{""answer"": ""non flooded""}",-4.111737467000239,7075.JPG
What is the overall condition of the given image?,Condition_Recognition,True,flooded,"{""answer"": ""flooded""}",-4.3397658499998215,7364.JPG
Is the entire road non flooded?,Yes_No,True,Yes,"{""answer"": ""Yes""}",-4.263533271000597,6773.JPG
How many flooded buildings can be seen in this image?,Complex_Counting,False,16,"{""answer"": 8}",-4.094605229000081,7243.JPG
How many buildings are non flooded?,Complex_Counting,False,6,"{""answer"": 7}",-3.957938947999537,9101.JPG
What is the condition of the road in this image?,Condition_Recognition,True,non flooded,"{""answer"": ""non flooded""}",-4.721233604999725,6566.JPG
Is the entire road flooded?,Yes_No,True,No,"{""answer"": ""No""}",-4.055604684000173,8101.JPG
How many buildings can be seen in this image?,Simple_Counting,False,12,"{""answer"": 15}",-4.548177214999669,6710.JPG
How many buildings are non flooded in this image?,Complex_Counting,False,3,"{""answer"": 2}",-4.418132816999787,8475.JPG
How many buildings are non flooded?,Complex_Counting,False,1,"{""answer"": 3}",-4.430052203999367,6546.JPG
What is the condition of road?,Condition_Recognition,True,non flooded,"{""answer"": ""non flooded""}",-4.360836203000872,7896.JPG
How many buildings are non flooded in this image?,Complex_Counting,False,4,"{""answer"": 3}",-4.145861011999841,9095.JPG
Is the entire road non flooded?,Yes_No,True,Yes,"{""answer"": ""Yes""}",-4.224896553999315,7907.JPG
What is the overall condition of the given image?,Condition_Recognition,True,non flooded,"{""answer"": ""non flooded""}",-4.036104853999859,7021.JPG
What is the overall condition of the given image?,Condition_Recognition,True,non flooded,"{""answer"": ""non flooded""}",-4.566036633999829,8526.JPG
How many buildings can be seen in the image?,Simple_Counting,True,3,"{""answer"": 3}",-4.402719941000214,6976.JPG
How many buildings are non flooded?,Complex_Counting,False,3,"{""answer"": 4}",-4.491677478999918,6935.JPG
Is the entire road non flooded?,Yes_No,True,Yes,"{""answer"": ""Yes""}",-4.197599033000188,6924.JPG
How many buildings can be seen in the image?,Simple_Counting,False,3,"{""answer"": 2}",-4.481251279999924,8475.JPG
What is the overall condition of the given image?,Condition_Recognition,True,non flooded,"{""answer"": ""non flooded""}",-4.323921517999224,8801.JPG
How many buildings are non flooded in this image?,Complex_Counting,True,7,"{""answer"": 7}",-4.086655691000487,6787.JPG
What is the overall condition of the given image?,Condition_Recognition,True,non flooded,"{""answer"": ""non flooded""}",-4.262261077000403,8594.JPG
Is the entire road non flooded?,Yes_No,False,Yes,"{""answer"": ""Uncertain""}",-3.834830912999678,7697.JPG
Is the entire road non flooded?,Yes_No,True,Yes,"{""answer"": ""Yes""}",-4.124357236999458,6341.JPG
What is the overall condition of the given image?,Condition_Recognition,True,non flooded,"{""answer"": ""non flooded""}",-4.518170504000409,7073.JPG
What is the condition of road?,Condition_Recognition,False,flooded,"{""answer"": ""non flooded""}",-4.596460470999773,6603.JPG
What is the overall condition of the given image?,Condition_Recognition,True,non flooded,"{""answer"": ""non flooded""}",-3.910147617999428,8906.JPG
Is the entire road non flooded?,Yes_No,True,Yes,"{""answer"": ""Yes""}",-4.378917758999705,8497.JPG
Is the entire road flooded?,Yes_No,True,No,"{""answer"": ""No""}",-4.069860352999967,8351.JPG
What is the overall condition of the given image?,Condition_Recognition,True,non flooded,"{""answer"": ""non flooded""}",-4.346472705999986,8132.JPG
How many buildings are non flooded in this image?,Complex_Counting,True,2,"{""answer"": 2}",-4.1646713909995015,8974.JPG
What is the condition of the road in this image?,Condition_Recognition,True,non flooded,"{""answer"": ""non flooded""}",-4.439358788999925,7125.JPG
Is the entire road flooded?,Yes_No,True,No,"{""answer"": ""No""}",-3.7464568550003605,8977.JPG
How many buildings are flooded?,Complex_Counting,False,25,"{""answer"": 9}",-4.1746707510001215,7575.JPG
How many flooded buildings can be seen in this image?,Complex_Counting,False,13,"{""answer"": 0}",-4.445202660999712,7597.JPG
Is the entire road flooded?,Yes_No,False,Yes,"{""answer"": ""No""}",-4.578112945999237,7375.JPG
What is the condition of the road in this image?,Condition_Recognition,True,non flooded,"{""answer"": ""non flooded""}",-4.256501781999759,8963.JPG
What is the overall condition of the given image?,Condition_Recognition,True,non flooded,"{""answer"": ""non flooded""}",-4.3638389289999395,7165.JPG
What is the overall condition of the given image?,Condition_Recognition,True,non flooded,"{""answer"": ""non flooded""}",-4.34749112999998,6972.JPG
What is the overall condition of the given image?,Condition_Recognition,True,non flooded,"{""answer"": ""non flooded""}",-4.299757856000724,7108.JPG
What is the overall condition of the given image?,Condition_Recognition,True,non flooded,"{""answer"": ""non flooded""}",-3.900241106000067,8952.JPG
How many buildings can be seen in the image?,Simple_Counting,True,3,"{""answer"": 3}",-4.280899546999535,6969.JPG
What is the overall condition of the given image?,Condition_Recognition,True,non flooded,"{""answer"": ""non flooded""}",-4.276583581000523,8049.JPG
How many buildings are in the image?,Simple_Counting,True,1,"{""answer"": 1}",-4.205108492999898,6999.JPG
How many buildings can be seen in this image?,Simple_Counting,True,1,"{""answer"": 1}",-4.615422918000149,8807.JPG
How many buildings are in the image?,Simple_Counting,True,3,"{""answer"": 3}",-4.053746933999719,6413.JPG
What is the condition of the road in this image?,Condition_Recognition,True,non flooded,"{""answer"": ""non flooded""}",-4.337360429999535,8822.JPG
How many non flooded buildings can be seen in this image?,Complex_Counting,False,1,"{""answer"": 2}",-4.55008991700015,6501.JPG
What is the overall condition of the given image?,Condition_Recognition,True,non flooded,"{""answer"": ""non flooded""}",-4.567991292000443,7014.JPG
What is the overall condition of the given image?,Condition_Recognition,True,non flooded,"{""answer"": ""non flooded""}",-4.05350443000043,7098.JPG
How many buildings are non flooded in this image?,Complex_Counting,False,8,"{""answer"": 3}",-4.2925381639997795,7305.JPG
What is the overall condition of the given image?,Condition_Recognition,True,non flooded,"{""answer"": ""non flooded""}",-4.02642332600044,6969.JPG
What is the overall condition of the given image?,Condition_Recognition,True,non flooded,"{""answer"": ""non flooded""}",-4.097952358999464,6352.JPG
What is the overall condition of the given image?,Condition_Recognition,True,non flooded,"{""answer"": ""non flooded""}",-4.312988452000354,7905.JPG
How many buildings are non flooded in this image?,Complex_Counting,False,1,"{""answer"": 10}",-4.3924806129998615,6710.JPG
What is the overall condition of the given image?,Condition_Recognition,True,non flooded,"{""answer"": ""non flooded""}",-4.325300215000425,6512.JPG
How many buildings are non flooded in this image?,Complex_Counting,False,2,"{""answer"": 4}",-4.065933042000324,6930.JPG
How many buildings can be seen in the image?,Simple_Counting,False,20,"{""answer"": 18}",-4.45725361300083,7317.JPG
What is the overall condition of the given image?,Condition_Recognition,True,non flooded,"{""answer"": ""non flooded""}",-4.4438517440003125,7958.JPG
Is the entire road non flooded?,Yes_No,True,Yes,"{""answer"": ""Yes""}",-4.2558669319996625,6374.JPG
Is the entire road non flooded?,Yes_No,True,Yes,"{""answer"": ""Yes""}",-3.9088948110002093,8168.JPG
What is the overall condition of the given image?,Condition_Recognition,True,non flooded,"{""answer"": ""non flooded""}",-4.344776321000609,8134.JPG
What is the overall condition of the given image?,Condition_Recognition,False,non flooded,"{""answer"": ""flooded""}",-4.351647845999651,8500.JPG
How many buildings are in the image?,Simple_Counting,True,3,"{""answer"": 3}",-4.132882154000072,6504.JPG
How many buildings are non flooded in this image?,Complex_Counting,False,3,"{""answer"": 4}",-4.336181810000198,6443.JPG
What is the overall condition of the given image?,Condition_Recognition,True,non flooded,"{""answer"": ""non flooded""}",-4.169795640000302,7083.JPG
What is the overall condition of the given image?,Condition_Recognition,True,flooded,"{""answer"": ""flooded""}",-4.400965464999899,7579.JPG
What is the overall condition of the given image?,Condition_Recognition,True,non flooded,"{""answer"": ""non flooded""}",-4.175728115999846,8914.JPG
Is the entire road flooded?,Yes_No,True,No,"{""answer"": ""No""}",-4.396673259000636,8529.JPG
Is the entire road flooded?,Yes_No,True,No,"{""answer"": ""No""}",-4.46521476199996,8820.JPG
What is the condition of the road in this image?,Condition_Recognition,True,non flooded,"{""answer"": ""non flooded""}",-4.21897833499952,6748.JPG
How many buildings are in the image?,Simple_Counting,False,5,"{""answer"": 3}",-3.78679843899954,9062.JPG
How many buildings are non flooded in this image?,Complex_Counting,True,1,"{""answer"": 1}",-3.9418817730002047,9022.JPG
What is the overall condition of the given image?,Condition_Recognition,False,non flooded,"{""answer"": ""flooded""}",-4.46747044499989,8381.JPG
What is the overall condition of the given image?,Condition_Recognition,True,non flooded,"{""answer"": ""non flooded""}",-4.3450738999999885,6982.JPG
What is the overall condition of the given image?,Condition_Recognition,False,non flooded,"{""answer"": ""flooded""}",-4.162470780000149,7760.JPG
How many buildings are non flooded in this image?,Complex_Counting,False,1,"{""answer"": 2}",-4.027173354000297,9110.JPG
What is the condition of the road in this image?,Condition_Recognition,True,non flooded,"{""answer"": ""non flooded""}",-4.128128319000098,8371.JPG
How many buildings are non flooded?,Complex_Counting,False,4,"{""answer"": 3}",-4.17809456499981,6890.JPG
How many buildings can be seen in this image?,Simple_Counting,False,4,"{""answer"": 3}",-4.456486234999829,6513.JPG
How many buildings are non flooded in this image?,Complex_Counting,False,3,"{""answer"": 2}",-3.895621659000426,8483.JPG
How many buildings are flooded?,Complex_Counting,False,9,"{""answer"": 3}",-4.220780691999607,6714.JPG
How many buildings are in this image?,Simple_Counting,True,6,"{""answer"": 6}",-3.6991746250005235,6836.JPG
What is the condition of the road in this image?,Condition_Recognition,True,non flooded,"{""answer"": ""non flooded""}",-4.379588449000039,6957.JPG
What is the condition of the road in this image?,Condition_Recognition,True,non flooded,"{""answer"": ""non flooded""}",-4.324319843999547,9050.JPG
How many buildings can be seen in this image?,Simple_Counting,False,1,"{""answer"": 2}",-4.264026298999852,8956.JPG
What is the overall condition of the given image?,Condition_Recognition,True,non flooded,"{""answer"": ""non flooded""}",-4.50219719100005,8129.JPG
What is the condition of road?,Condition_Recognition,True,flooded,"{""answer"": ""flooded""}",-4.12445765999928,7332.JPG
Is the entire road flooded?,Yes_No,True,No,"{""answer"": ""No""}",-4.189453175999915,7075.JPG
What is the condition of road?,Condition_Recognition,True,non flooded,"{""answer"": ""non flooded""}",-4.183614989000489,8966.JPG
How many buildings are in the image?,Simple_Counting,True,2,"{""answer"": 2}",-4.263526222999644,9040.JPG
Is the entire road non flooded?,Yes_No,True,Yes,"{""answer"": ""Yes""}",-4.152014864999728,8940.JPG
What is the overall condition of the given image?,Condition_Recognition,True,non flooded,"{""answer"": ""non flooded""}",-4.234669268000289,7843.JPG
How many non flooded buildings can be seen in this image?,Complex_Counting,False,4,"{""answer"": 3}",-4.299379932999727,6652.JPG
What is the overall condition of the given image?,Condition_Recognition,True,non flooded,"{""answer"": ""non flooded""}",-4.071800654999606,6662.JPG
What is the overall condition of the given image?,Condition_Recognition,True,flooded,"{""answer"": ""flooded""}",-4.036950295000679,7603.JPG
How many buildings can be seen in this image?,Simple_Counting,False,14,"{""answer"": 11}",-4.016294594999636,6706.JPG
Is the entire road flooded?,Yes_No,True,No,"{""answer"": ""No""}",-4.143193023999629,8967.JPG
Is the entire road non flooded?,Yes_No,True,No,"{""answer"": ""No""}",-4.390298043000257,7458.JPG
What is the condition of the road in this image?,Condition_Recognition,True,non flooded,"{""answer"": ""non flooded""}",-3.985629597999832,6985.JPG
How many non flooded buildings can be seen in this image?,Complex_Counting,False,4,"{""answer"": 2}",-4.21338518399989,7681.JPG
What is the overall condition of the given image?,Condition_Recognition,True,non flooded,"{""answer"": ""non flooded""}",-4.16050599800019,7691.JPG
How many flooded buildings can be seen in this image?,Complex_Counting,False,2,"{""answer"": 1}",-4.475580970999545,7374.JPG
How many non flooded buildings can be seen in this image?,Complex_Counting,False,12,"{""answer"": 6}",-4.054927670999859,6846.JPG
How many buildings are in the image?,Simple_Counting,True,2,"{""answer"": 2}",-4.1477455579997695,6807.JPG
What is the overall condition of the given image?,Condition_Recognition,True,non flooded,"{""answer"": ""non flooded""}",-4.432026915999813,8550.JPG
What is the condition of road?,Condition_Recognition,True,non flooded,"{""answer"": ""non flooded""}",-4.043431094999505,7894.JPG
What is the overall condition of the given image?,Condition_Recognition,True,flooded,"{""answer"": ""flooded""}",-4.409896249999292,7317.JPG
What is the condition of road?,Condition_Recognition,True,flooded,"{""answer"": ""flooded""}",-4.4952067439999155,7287.JPG
What is the overall condition of the given image?,Condition_Recognition,True,non flooded,"{""answer"": ""non flooded""}",-3.817614047999996,6528.JPG
How many buildings are non flooded in this image?,Complex_Counting,False,50,"{""answer"": 27}",-4.293502903000444,9343.JPG
Is the entire road non flooded?,Yes_No,True,No,"{""answer"": ""No""}",-4.242522227000336,7247.JPG
Is the entire road flooded?,Yes_No,True,No,"{""answer"": ""No""}",-4.20287341600033,8470.JPG
What is the overall condition of the given image?,Condition_Recognition,True,non flooded,"{""answer"": ""non flooded""}",-4.363849180000216,9797.JPG
What is the overall condition of the given image?,Condition_Recognition,False,flooded,"{""answer"": ""non flooded""}",-4.437608362999526,9010.JPG
What is the overall condition of the given image?,Condition_Recognition,True,non flooded,"{""answer"": ""non flooded""}",-3.916996578999715,9898.JPG
What is the condition of road?,Condition_Recognition,True,non flooded,"{""answer"": ""non flooded""}",-4.020523778999632,8074.JPG
Is the entire road non flooded?,Yes_No,True,Yes,"{""answer"": ""Yes""}",-4.124299496999811,8777.JPG
Is the entire road non flooded?,Yes_No,True,Yes,"{""answer"": ""Yes""}",-3.7107204149997415,8234.JPG
How many buildings are in the image?,Simple_Counting,False,16,"{""answer"": 17}",-4.557537004000551,7488.JPG
What is the overall condition of the given image?,Condition_Recognition,True,non flooded,"{""answer"": ""non flooded""}",-4.097534118000112,9879.JPG
What is the condition of the road in this image?,Condition_Recognition,True,flooded,"{""answer"": ""flooded""}",-4.645350402000076,7324.JPG
What is the overall condition of the given image?,Condition_Recognition,True,flooded,"{""answer"": ""flooded""}",-4.558793684000193,7474.JPG
What is the overall condition of the given image?,Condition_Recognition,True,non flooded,"{""answer"": ""non flooded""}",-3.7837942340001973,7981.JPG
How many buildings can be seen in the image?,Simple_Counting,False,2,"{""answer"": 3}",-4.18546522699944,9538.JPG
What is the overall condition of the given image?,Condition_Recognition,True,non flooded,"{""answer"": ""non flooded""}",-4.051301545999195,8326.JPG
What is the overall condition of the given image?,Condition_Recognition,True,non flooded,"{""answer"": ""non flooded""}",-4.19325767600003,8963.JPG
Is the entire road non flooded?,Yes_No,True,Yes,"{""answer"": ""Yes""}",-4.183436120999431,9723.JPG
What is the condition of road?,Condition_Recognition,True,non flooded,"{""answer"": ""non flooded""}",-4.250583473000006,9085.JPG
What is the overall condition of the given image?,Condition_Recognition,True,non flooded,"{""answer"": ""non flooded""}",-4.2068953340003645,9074.JPG
What is the overall condition of the given image?,Condition_Recognition,True,non flooded,"{""answer"": ""non flooded""}",-4.160980312999527,8271.JPG
What is the condition of the road in this image?,Condition_Recognition,True,flooded,"{""answer"": ""flooded""}",-4.270969598999727,7336.JPG
Is the entire road non flooded?,Yes_No,True,Yes,"{
  ""answer"": ""Yes""
}",-4.028897649999635,6397.JPG
How many buildings are non flooded?,Complex_Counting,False,5,"{""answer"": 6}",-4.009941345999323,6523.JPG
What is the overall condition of the given image?,Condition_Recognition,False,flooded,"{""answer"": ""non flooded""}",-4.4366423030005535,8994.JPG
What is the overall condition of the given image?,Condition_Recognition,True,non flooded,"{""answer"": ""non flooded""}",-4.117000426999766,7918.JPG
What is the overall condition of the given image?,Condition_Recognition,True,non flooded,"{""answer"": ""non flooded""}",-4.279604471000312,6639.JPG
What is the condition of road?,Condition_Recognition,True,flooded,"{""answer"": ""flooded""}",-4.454668503999528,7374.JPG
Is the entire road non flooded?,Yes_No,True,Yes,"{""answer"": ""Yes""}",-3.2711108929997863,6549.JPG
What is the overall condition of the given image?,Condition_Recognition,True,non flooded,"{""answer"": ""non flooded""}",-3.775597640000342,7026.JPG
Is the entire road non flooded?,Yes_No,True,Yes,"{""answer"": ""Yes""}",-4.141387859999668,9091.JPG
What is the overall condition of the given image?,Condition_Recognition,True,non flooded,"{""answer"": ""non flooded""}",-4.128614786000071,6849.JPG
What is the overall condition of the given image?,Condition_Recognition,True,non flooded,"{""answer"": ""non flooded""}",-4.186631430000489,7910.JPG
How many buildings are in the image?,Simple_Counting,True,2,"{""answer"": 2}",-4.263474392000717,8833.JPG
What is the overall condition of the given image?,Condition_Recognition,True,non flooded,"{""answer"": ""non flooded""}",-4.162346054999944,8900.JPG
What is the overall condition of the given image?,Condition_Recognition,True,flooded,"{""answer"": ""flooded""}",-4.473632383999757,7609.JPG
What is the overall condition of the given image?,Condition_Recognition,True,non flooded,"{""answer"": ""non flooded""}",-4.329080639000495,6504.JPG
What is the overall condition of the given image?,Condition_Recognition,True,non flooded,"{""answer"": ""non flooded""}",-4.51293888500004,8472.JPG
What is the overall condition of the given image?,Condition_Recognition,True,non flooded,"{""answer"": ""non flooded""}",-4.448492647999956,6543.JPG
Is the entire road flooded?,Yes_No,True,Yes,"{""answer"": ""Yes""}",-4.4702908790004585,7589.JPG
How many buildings are non flooded?,Complex_Counting,False,4,"{""answer"": 5}",-4.376143528000284,6566.JPG
How many non flooded buildings can be seen in this image?,Complex_Counting,True,3,"{""answer"": 3}",-4.280528359000527,6966.JPG
Is the entire road non flooded?,Yes_No,True,No,"{""answer"": ""No""}",-4.682516504999512,7335.JPG
Is the entire road flooded?,Yes_No,True,No,"{""answer"": ""No""}",-4.1748584810002285,8517.JPG
How many buildings can be seen in the image?,Simple_Counting,True,15,"{""answer"": 15}",-4.093119310000475,7313.JPG
Is the entire road non flooded?,Yes_No,True,Yes,"{""answer"": ""Yes""}",-4.1441439270001865,6376.JPG
What is the overall condition of the given image?,Condition_Recognition,True,non flooded,"{""answer"": ""non flooded""}",-4.017216127000211,7909.JPG
What is the condition of road?,Condition_Recognition,True,non flooded,"{""answer"": ""non flooded""}",-4.059837468999831,10172.JPG
What is the overall condition of the given image?,Condition_Recognition,True,non flooded,"{""answer"": ""non flooded""}",-4.311372929999379,7896.JPG
How many buildings can be seen in the image?,Simple_Counting,False,2,"{""answer"": 3}",-4.443035723999856,7125.JPG
Is the entire road flooded?,Yes_No,True,No,"{""answer"": ""No""}",-4.210467157000494,6403.JPG
Is the entire road flooded?,Yes_No,True,No,"{""answer"": ""No""}",-4.144152939999913,6437.JPG
How many buildings can be seen in this image?,Simple_Counting,False,4,"{""answer"": 7}",-4.46347153700026,10170.JPG
What is the overall condition of the given image?,Condition_Recognition,False,non flooded,"{""answer"": ""flooded""}",-4.450246033999974,6939.JPG
How many buildings are non flooded in this image?,Complex_Counting,False,3,"{""answer"": 2}",-4.038680077999743,7292.JPG
What is the overall condition of the given image?,Condition_Recognition,True,non flooded,"{""answer"": ""non flooded""}",-4.089148750000277,9065.JPG
How many buildings can be seen in this image?,Simple_Counting,False,3,"{
  ""answer"": 4
}",-4.1896168659995965,6738.JPG
What is the overall condition of the given image?,Condition_Recognition,True,non flooded,"{""answer"": ""non flooded""}",-4.227858491000006,9050.JPG
How many buildings are in this image?,Simple_Counting,False,5,"{""answer"": 3}",-4.102621590999661,6798.JPG
How many buildings can be seen in the image?,Simple_Counting,False,9,"{""answer"": 8}",-4.483814803000314,7448.JPG
What is the overall condition of the given image?,Condition_Recognition,True,non flooded,"{""answer"": ""non flooded""}",-3.9291093400006503,7697.JPG
Is the entire road flooded?,Yes_No,True,No,"{""answer"": ""No""}",-4.5654922100002295,9023.JPG
How many buildings can be seen in this image?,Simple_Counting,True,2,"{""answer"": 2}",-4.1466928139998345,6824.JPG
What is the condition of the road in this image?,Condition_Recognition,True,non flooded,"{""answer"": ""non flooded""}",-4.2521087850000185,8089.JPG
How many buildings can be seen in this image?,Simple_Counting,False,17,"{""answer"": 13}",-4.514397958999325,7485.JPG
What is the overall condition of the given image?,Condition_Recognition,True,non flooded,"{""answer"": ""non flooded""}",-4.307192977999875,8039.JPG
What is the overall condition of the given image?,Condition_Recognition,False,non flooded,"{""answer"": ""flooded""}",-4.177030724999895,9116.JPG
What is the overall condition of the given image?,Condition_Recognition,True,non flooded,"{""answer"": ""non flooded""}",-4.1533043420004105,6686.JPG
What is the condition of the road in this image?,Condition_Recognition,True,non flooded,"{""answer"": ""non flooded""}",-4.339111612000124,6981.JPG
What is the condition of road?,Condition_Recognition,True,flooded,"{""answer"": ""flooded""}",-4.339073545999781,7299.JPG
How many buildings are in the image?,Simple_Counting,False,4,"{""answer"": 3}",-3.850131428000168,9066.JPG
Is the entire road non flooded?,Yes_No,True,Yes,"{""answer"": ""Yes""}",-4.656221493000885,7227.JPG
What is the overall condition of the given image?,Condition_Recognition,True,flooded,"{""answer"": ""flooded""}",-4.668423414001154,7252.JPG
What is the overall condition of the given image?,Condition_Recognition,True,flooded,"{""answer"": ""flooded""}",-4.4965678909993585,7440.JPG
What is the overall condition of the given image?,Condition_Recognition,True,non flooded,"{""answer"": ""non flooded""}",-4.420273048999661,8820.JPG
What is the overall condition of the given image?,Condition_Recognition,True,non flooded,"{""answer"": ""non flooded""}",-4.195683215999452,7777.JPG
Is the entire road flooded?,Yes_No,True,No,"{""answer"": ""No""}",-4.267883050999444,6818.JPG
What is the overall condition of the given image?,Condition_Recognition,False,non flooded,"{""answer"": ""flooded""}",-4.306306397000299,10841.JPG
How many buildings are in the image?,Simple_Counting,False,16,"{""answer"": 12}",-4.6182927480003855,7247.JPG
Is the entire road flooded?,Yes_No,True,No,"{""answer"": ""No""}",-4.1477568589998555,6531.JPG
How many buildings are flooded?,Complex_Counting,False,17,"{""answer"": 11}",-4.352183273000264,7414.JPG
How many flooded buildings can be seen in this image?,Complex_Counting,False,14,"{""answer"": 10}",-4.0420694460008235,7316.JPG
What is the condition of the road in this image?,Condition_Recognition,True,non flooded,"{""answer"": ""non flooded""}",-4.409036934999676,6930.JPG
What is the condition of the road in this image?,Condition_Recognition,True,non flooded,"{""answer"": ""non flooded""}",-4.413330539000526,7998.JPG
How many buildings can be seen in the image?,Simple_Counting,True,6,"{""answer"": 6}",-4.104141051000624,6569.JPG
Is the entire road flooded?,Yes_No,True,No,"{""answer"": ""No""}",-4.058714228000099,8210.JPG
How many buildings are non flooded?,Complex_Counting,False,1,"{""answer"": 3}",-4.483462515998326,7290.JPG
How many buildings are flooded in this image?,Complex_Counting,False,25,"{""answer"": 11}",-4.396755968999059,7574.JPG
What is the overall condition of the given image?,Condition_Recognition,True,flooded,"{""answer"": ""flooded""}",-4.433337685000879,7411.JPG
What is the overall condition of the given image?,Condition_Recognition,True,flooded,"{""answer"": ""flooded""}",-4.406129017999774,7287.JPG
How many buildings are non flooded?,Complex_Counting,False,15,"{""answer"": 11}",-4.078759590998743,7600.JPG
What is the overall condition of the given image?,Condition_Recognition,True,non flooded,"{""answer"": ""non flooded""}",-4.30249314700086,8786.JPG
What is the overall condition of the given image?,Condition_Recognition,True,non flooded,"{""answer"": ""non flooded""}",-4.013512380000975,7884.JPG
Is the entire road non flooded?,Yes_No,True,No,"{""answer"": ""No""}",-4.4263962599998194,7556.JPG
How many buildings can be seen in this image?,Simple_Counting,False,22,"{""answer"": 18}",-4.442897794000601,7582.JPG
What is the overall condition of the given image?,Condition_Recognition,True,non flooded,"{""answer"": ""non flooded""}",-4.351937827999791,7837.JPG
How many buildings are non flooded in this image?,Complex_Counting,False,4,"{""answer"": 5}",-4.387256871999853,8952.JPG
Is the entire road flooded?,Yes_No,True,Yes,"{""answer"": ""Yes""}",-4.0165819819994795,7419.JPG
How many buildings are in the image?,Simple_Counting,False,5,"{""answer"": 4}",-4.290264796998599,6528.JPG
What is the condition of road?,Condition_Recognition,True,non flooded,"{""answer"": ""non flooded""}",-4.403482583000368,6909.JPG
How many buildings can be seen in the image?,Simple_Counting,False,16,"{""answer"": 15}",-4.137490226999944,7474.JPG
How many buildings are in this image?,Simple_Counting,False,14,"{""answer"": 10}",-4.510524630999498,7472.JPG
How many buildings can be seen in the image?,Simple_Counting,True,3,"{""answer"": 3}",-4.192290287001015,6904.JPG
How many buildings can be seen in this image?,Simple_Counting,False,4,"{""answer"": 2}",-4.199901505999151,7697.JPG
What is the condition of the road in this image?,Condition_Recognition,True,non flooded,"{""answer"": ""non flooded""}",-4.261602410000705,8498.JPG
What is the overall condition of the given image?,Condition_Recognition,True,non flooded,"{""answer"": ""non flooded""}",-4.159269249001227,6764.JPG
What is the overall condition of the given image?,Condition_Recognition,False,non flooded,"{""answer"": ""flooded""}",-4.101175024999975,9513.JPG
How many buildings can be seen in the image?,Simple_Counting,False,3,"{""answer"": 4}",-4.3956583729996055,6563.JPG
What is the overall condition of the given image?,Condition_Recognition,True,non flooded,"{""answer"": ""non flooded""}",-3.89452881500074,7044.JPG
What is the condition of road?,Condition_Recognition,True,non flooded,"{""answer"": ""non flooded""}",-4.28573879799842,6348.JPG
How many buildings are in the image?,Simple_Counting,False,3,"{""answer"": 4}",-4.274848869999914,6469.JPG
What is the overall condition of the given image?,Condition_Recognition,True,non flooded,"{""answer"": ""non flooded""}",-4.295452472000761,8427.JPG
What is the overall condition of the given image?,Condition_Recognition,True,non flooded,"{""answer"": ""non flooded""}",-3.9106304149991047,8161.JPG
Is the entire road non flooded?,Yes_No,True,Yes,"{""answer"": ""Yes""}",-4.173013146000812,8355.JPG
How many buildings are non flooded?,Complex_Counting,True,3,"{""answer"": 3}",-4.303679242000726,9925.JPG
What is the overall condition of the given image?,Condition_Recognition,True,flooded,"{""answer"": ""flooded""}",-4.50478974500038,7560.JPG
What is the condition of road?,Condition_Recognition,True,non flooded,"{""answer"": ""non flooded""}",-4.870317715998681,8974.JPG
How many buildings are non flooded in this image?,Complex_Counting,False,3,"{""answer"": 2}",-4.685734800999853,7278.JPG
What is the condition of the road in this image?,Condition_Recognition,True,non flooded,"{""answer"": ""non flooded""}",-4.3252344700013055,7681.JPG
Is the entire road flooded?,Yes_No,True,No,"{""answer"": ""No""}",-4.31922721599949,7146.JPG
Is the entire road non flooded?,Yes_No,False,Yes,"{""answer"": ""No""}",-4.5518681809990085,6481.JPG
What is the condition of the road in this image?,Condition_Recognition,True,non flooded,"{""answer"": ""non flooded""}",-4.233441185000629,9063.JPG
How many non flooded buildings can be seen in this image?,Complex_Counting,False,3,"{""answer"": 6}",-4.05352937600037,6746.JPG
Is the entire road flooded?,Yes_No,True,No,"{""answer"": ""No""}",-4.271811615999468,8161.JPG
What is the condition of road?,Condition_Recognition,True,flooded,"{""answer"": ""flooded""}",-3.9771490299990546,7542.JPG
How many buildings can be seen in the image?,Simple_Counting,True,2,"{""answer"": 2}",-4.544698685000185,7453.JPG
Is the entire road non flooded?,Yes_No,True,Yes,"{""answer"": ""Yes""}",-4.254292518000511,7212.JPG
What is the overall condition of the given image?,Condition_Recognition,True,non flooded,"{""answer"": ""non flooded""}",-4.2935883040008775,6891.JPG
How many non flooded buildings can be seen in this image?,Complex_Counting,False,2,"{""answer"": 4}",-4.284399067999402,9538.JPG
What is the overall condition of the given image?,Condition_Recognition,True,non flooded,"{""answer"": ""non flooded""}",-4.372199797000576,8962.JPG
What is the overall condition of the given image?,Condition_Recognition,True,non flooded,"{""answer"": ""non flooded""}",-4.243084741998246,7834.JPG
What is the overall condition of the given image?,Condition_Recognition,True,non flooded,"{""answer"": ""non flooded""}",-4.156985637999242,6433.JPG
Is the entire road non flooded?,Yes_No,True,Yes,"{""answer"": ""Yes""}",-4.070616016000713,8923.JPG
What is the overall condition of the given image?,Condition_Recognition,True,flooded,"{""answer"": ""flooded""}",-3.8563258169997425,7244.JPG
How many buildings are non flooded in this image?,Complex_Counting,True,3,"{""answer"": 3}",-4.32844735099934,6512.JPG
How many buildings are non flooded?,Complex_Counting,True,6,"{""answer"": 6}",-3.7065177879994735,6842.JPG
What is the overall condition of the given image?,Condition_Recognition,True,non flooded,"{""answer"": ""non flooded""}",-4.465113684000244,6994.JPG
How many non flooded buildings can be seen in this image?,Complex_Counting,False,18,"{""answer"": 13}",-4.369417689000329,7612.JPG
How many buildings are in the image?,Simple_Counting,False,24,"{
  ""answer"": 22
}",-3.4652600350000284,7325.JPG
How many buildings are non flooded in this image?,Complex_Counting,True,1,"{""answer"": 1}",-3.859146591999888,7006.JPG
What is the overall condition of the given image?,Condition_Recognition,True,non flooded,"{""answer"": ""non flooded""}",-4.143966231000377,8469.JPG
Is the entire road flooded?,Yes_No,True,No,"{""answer"": ""No""}",-3.8806244309998874,6800.JPG
What is the condition of the road in this image?,Condition_Recognition,True,non flooded,"{""answer"": ""non flooded""}",-4.3775784999997995,7115.JPG
How many buildings are non flooded in this image?,Complex_Counting,True,4,"{""answer"": 4}",-4.434167710000111,6655.JPG
Is the entire road flooded?,Yes_No,True,No,"{""answer"": ""No""}",-4.159142439000789,9039.JPG
How many buildings are non flooded?,Complex_Counting,False,2,"{""answer"": 3}",-4.168596571998933,8481.JPG
Is the entire road flooded?,Yes_No,False,Yes,"{""answer"": ""No""}",-4.287358499999755,7292.JPG
How many buildings are non flooded?,Complex_Counting,False,8,"{""answer"": 7}",-4.7350201469998865,7270.JPG
How many buildings can be seen in this image?,Simple_Counting,True,1,"{""answer"": 1}",-4.170877683998697,7685.JPG
What is the condition of road?,Condition_Recognition,True,non flooded,"{""answer"": ""non flooded""}",-4.169846421000329,9093.JPG
How many buildings are non flooded in this image?,Complex_Counting,True,2,"{""answer"": 2}",-4.004493886999626,6492.JPG
What is the overall condition of the given image?,Condition_Recognition,True,non flooded,"{""answer"": ""non flooded""}",-3.8660040060003666,7855.JPG
What is the overall condition of the given image?,Condition_Recognition,False,non flooded,"{""answer"": ""flooded""}",-4.439420828999573,8392.JPG
What is the overall condition of the given image?,Condition_Recognition,True,non flooded,"{""answer"": ""non flooded""}",-4.167562917000396,6904.JPG
What is the overall condition of the given image?,Condition_Recognition,True,non flooded,"{""answer"": ""non flooded""}",-4.138644782000483,7753.JPG
What is the condition of road?,Condition_Recognition,True,non flooded,"{""answer"": ""non flooded""}",-4.08603258400035,6426.JPG
What is the condition of the road in this image?,Condition_Recognition,True,non flooded,"{""answer"": ""non flooded""}",-3.8288880569998582,9066.JPG
What is the condition of the road in this image?,Condition_Recognition,True,non flooded,"{""answer"": ""non flooded""}",-4.167167314000835,6901.JPG
Is the entire road non flooded?,Yes_No,True,Yes,"{""answer"": ""Yes""}",-4.1418635259997245,8090.JPG
How many buildings are in this image?,Simple_Counting,False,1,"{""answer"": 2}",-4.1144027009995625,9879.JPG
What is the condition of the road in this image?,Condition_Recognition,True,non flooded,"{""answer"": ""non flooded""}",-3.8357091460002266,9049.JPG
Is the entire road non flooded?,Yes_No,True,No,"{""answer"": ""No""}",-4.518796156000462,7475.JPG
What is the overall condition of the given image?,Condition_Recognition,True,non flooded,"{""answer"": ""non flooded""}",-4.097459388998686,7130.JPG
How many buildings are in the image?,Simple_Counting,True,3,"{""answer"": 3}",-4.297729066998727,6739.JPG
What is the condition of road?,Condition_Recognition,True,non flooded,"{""answer"": ""non flooded""}",-4.216467502001251,8436.JPG
How many buildings can be seen in the image?,Simple_Counting,True,6,"{""answer"": 6}",-4.4081274249983835,7357.JPG
Is the entire road flooded?,Yes_No,True,No,"{""answer"": ""No""}",-3.985854245000155,6421.JPG
How many flooded buildings can be seen in this image?,Complex_Counting,False,18,"{""answer"": 7}",-4.185252878000028,7318.JPG
What is the overall condition of the given image?,Condition_Recognition,True,non flooded,"{""answer"": ""non flooded""}",-4.332141560000309,9884.JPG
What is the overall condition of the given image?,Condition_Recognition,True,non flooded,"{""answer"": ""non flooded""}",-4.3812530690011044,6824.JPG
What is the condition of road?,Condition_Recognition,True,non flooded,"{""answer"": ""non flooded""}",-4.321044295998945,8400.JPG
How many buildings are non flooded in this image?,Complex_Counting,False,13,"{""answer"": 9}",-4.480000173998633,7304.JPG
Is the entire road non flooded?,Yes_No,True,No,"{""answer"": ""No""}",-4.415830654999809,7594.JPG
What is the overall condition of the given image?,Condition_Recognition,True,non flooded,"{""answer"": ""non flooded""}",-4.179624864000289,7818.JPG
What is the condition of road?,Condition_Recognition,True,non flooded,"{""answer"": ""non flooded""}",-4.020947781998984,6787.JPG
What is the condition of the road in this image?,Condition_Recognition,True,flooded,"{""answer"": ""flooded""}",-4.173321914999178,7574.JPG
What is the condition of road?,Condition_Recognition,True,non flooded,"{""answer"": ""non flooded""}",-4.227251596999849,9086.JPG
How many flooded buildings can be seen in this image?,Complex_Counting,False,5,"{""answer"": 3}",-4.933177368000543,7459.JPG
What is the condition of road?,Condition_Recognition,True,non flooded,"{""answer"": ""non flooded""}",-4.34501848400032,8101.JPG
What is the overall condition of the given image?,Condition_Recognition,True,non flooded,"{""answer"": ""non flooded""}",-4.124696066999604,6338.JPG
Is the entire road non flooded?,Yes_No,True,Yes,"{""answer"": ""Yes""}",-4.135762228999738,9080.JPG
Is the entire road flooded?,Yes_No,True,No,"{""answer"": ""No""}",-4.3582444219991885,8493.JPG
How many buildings are non flooded?,Complex_Counting,False,4,"{""answer"": 5}",-4.163448944000265,9093.JPG
How many buildings are in the image?,Simple_Counting,False,16,"{""answer"": 10}",-4.486949477000962,7306.JPG
How many non flooded buildings can be seen in this image?,Complex_Counting,True,5,"{""answer"": 5}",-4.30190434099859,7719.JPG
What is the overall condition of the given image?,Condition_Recognition,True,non flooded,"{""answer"": ""non flooded""}",-4.024137227999745,10819.JPG
What is the overall condition of the given image?,Condition_Recognition,True,non flooded,"{""answer"": ""non flooded""}",-4.3713179910009785,8087.JPG
How many buildings can be seen in the image?,Simple_Counting,True,3,"{
  ""answer"": 3
}",-4.508463992000543,10168.JPG
How many buildings are in this image?,Simple_Counting,False,4,"{""answer"": 3}",-4.213232173000506,7722.JPG
What is the overall condition of the given image?,Condition_Recognition,True,non flooded,"{""answer"": ""non flooded""}",-4.218570639000973,6565.JPG
What is the overall condition of the given image?,Condition_Recognition,True,flooded,"{""answer"": ""flooded""}",-3.979379004000293,7202.JPG
How many buildings can be seen in the image?,Simple_Counting,False,5,"{""answer"": 4}",-4.66401977500027,6530.JPG
What is the overall condition of the given image?,Condition_Recognition,True,non flooded,"{""answer"": ""non flooded""}",-4.416376301000128,7807.JPG
Is the entire road non flooded?,Yes_No,True,Yes,"{""answer"": ""Yes""}",-3.7415555769985076,7177.JPG
What is the condition of road?,Condition_Recognition,True,non flooded,"{""answer"": ""non flooded""}",-4.213252315999853,7222.JPG
Is the entire road non flooded?,Yes_No,True,Yes,"{""answer"": ""Yes""}",-3.9664440489996196,8320.JPG
What is the condition of road?,Condition_Recognition,True,non flooded,"{""answer"": ""non flooded""}",-4.215662865999548,7128.JPG
How many buildings are flooded in this image?,Complex_Counting,False,23,"{""answer"": 6}",-4.393694681000852,7568.JPG
How many buildings are in this image?,Simple_Counting,False,24,"{""answer"": 22}",-3.4165918479993707,7567.JPG
How many buildings are non flooded in this image?,Complex_Counting,False,2,"{""answer"": 1}",-4.13813211300112,8493.JPG
What is the overall condition of the given image?,Condition_Recognition,True,non flooded,"{""answer"": ""non flooded""}",-4.317876304001402,6779.JPG
How many buildings are in this image?,Simple_Counting,True,13,"{""answer"": 13}",-4.028134844000306,7242.JPG
What is the overall condition of the given image?,Condition_Recognition,True,non flooded,"{""answer"": ""non flooded""}",-4.100229730000137,6924.JPG
Is the entire road non flooded?,Yes_No,True,Yes,"{""answer"": ""Yes""}",-4.285391196001001,7655.JPG
What is the overall condition of the given image?,Condition_Recognition,True,flooded,"{""answer"": ""flooded""}",-4.602909658000499,7454.JPG
What is the overall condition of the given image?,Condition_Recognition,True,non flooded,"{""answer"": ""non flooded""}",-3.786476084000242,8072.JPG
What is the condition of road?,Condition_Recognition,True,non flooded,"{""answer"": ""non flooded""}",-4.16090621299918,9089.JPG
How many buildings are non flooded in this image?,Complex_Counting,False,3,"{""answer"": 2}",-4.09624905200144,7682.JPG
What is the overall condition of the given image?,Condition_Recognition,True,non flooded,"{""answer"": ""non flooded""}",-4.125283783001578,6790.JPG
What is the condition of the road in this image?,Condition_Recognition,True,non flooded,"{""answer"": ""non flooded""}",-4.299737229001039,6350.JPG
How many buildings are non flooded in this image?,Complex_Counting,False,8,"{""answer"": 6}",-4.158423709999624,6839.JPG
How many buildings are non flooded in this image?,Complex_Counting,False,6,"{
  ""answer"": 7
}",-3.8455024710001453,6728.JPG
What is the overall condition of the given image?,Condition_Recognition,True,non flooded,"{""answer"": ""non flooded""}",-4.092652049001117,8482.JPG
How many buildings are non flooded in this image?,Complex_Counting,True,6,"{""answer"": 6}",-4.168158161000974,9725.JPG
What is the overall condition of the given image?,Condition_Recognition,True,flooded,"{""answer"": ""flooded""}",-4.374627552000675,7428.JPG
How many buildings are flooded in this image?,Complex_Counting,False,23,"{""answer"": 11}",-4.616621934999785,7560.JPG
What is the overall condition of the given image?,Condition_Recognition,True,non flooded,"{""answer"": ""non flooded""}",-3.7878497000001516,9278.JPG
How many non flooded buildings can be seen in this image?,Complex_Counting,False,2,"{""answer"": 3}",-4.393643511999471,7124.JPG
Is the entire road non flooded?,Yes_No,False,Yes,"{""answer"": ""No""}",-3.8170512209999288,9081.JPG
Is the entire road flooded?,Yes_No,True,No,"{""answer"": ""No""}",-4.005858671000169,9050.JPG
Is the entire road non flooded?,Yes_No,True,Yes,"{""answer"": ""Yes""}",-4.594869206999647,7202.JPG
What is the condition of road?,Condition_Recognition,True,non flooded,"{""answer"": ""non flooded""}",-4.24811691800096,8000.JPG
How many buildings are non flooded?,Complex_Counting,True,1,"{""answer"": 1}",-3.876562036000905,7703.JPG
What is the condition of the road in this image?,Condition_Recognition,True,non flooded,"{""answer"": ""non flooded""}",-4.242220456000723,6797.JPG
How many buildings can be seen in this image?,Simple_Counting,True,4,"{""answer"": 4}",-4.519414002001213,6964.JPG
Is the entire road non flooded?,Yes_No,True,Yes,"{""answer"": ""Yes""}",-4.171013912999115,8487.JPG
Is the entire road non flooded?,Yes_No,True,Yes,"{""answer"": ""Yes""}",-4.344609846000822,6370.JPG
How many buildings are non flooded?,Complex_Counting,False,2,"{""answer"": 1}",-3.91090667699973,6442.JPG
What is the overall condition of the given image?,Condition_Recognition,True,non flooded,"{""answer"": ""non flooded""}",-4.26384356699964,8029.JPG
How many buildings are in this image?,Simple_Counting,False,10,"{""answer"": 8}",-4.297981632998926,6713.JPG
How many buildings can be seen in the image?,Simple_Counting,True,1,"{""answer"": 1}",-4.231764289999774,6501.JPG
What is the overall condition of the given image?,Condition_Recognition,True,non flooded,"{""answer"": ""non flooded""}",-4.662953877999826,7786.JPG
How many buildings are non flooded in this image?,Complex_Counting,False,4,"{""answer"": 3}",-4.105930489999082,6971.JPG
How many buildings are in this image?,Simple_Counting,True,1,"{""answer"": 1}",-4.144445348001682,7750.JPG
Is the entire road non flooded?,Yes_No,True,No,"{""answer"": ""No""}",-4.291641300000265,7273.JPG
What is the overall condition of the given image?,Condition_Recognition,True,non flooded,"{""answer"": ""non flooded""}",-4.297507380999377,9718.JPG
How many buildings are non flooded?,Complex_Counting,True,2,"{""answer"": 2}",-4.1389650519995485,9036.JPG
How many buildings are non flooded?,Complex_Counting,False,6,"{""answer"": 10}",-4.127806095999404,6760.JPG
Is the entire road non flooded?,Yes_No,True,Yes,"{""answer"": ""Yes""}",-4.108476381999935,7192.JPG
How many buildings can be seen in this image?,Simple_Counting,True,3,"{""answer"": 3}",-4.375569289999476,6960.JPG
Is the entire road flooded?,Yes_No,False,No,"{""answer"": ""Uncertain""}",-4.217796772998554,6763.JPG
What is the condition of road?,Condition_Recognition,True,non flooded,"{""answer"": ""non flooded""}",-4.8115190230000735,10811.JPG
Is the entire road flooded?,Yes_No,True,No,"{""answer"": ""No""}",-4.198142224999174,8177.JPG
What is the condition of road?,Condition_Recognition,True,flooded,"{""answer"": ""flooded""}",-4.469910828000138,7330.JPG
What is the overall condition of the given image?,Condition_Recognition,True,non flooded,"{""answer"": ""non flooded""}",-4.312726813001063,6799.JPG
What is the overall condition of the given image?,Condition_Recognition,True,non flooded,"{""answer"": ""non flooded""}",-4.419205983000211,6928.JPG
How many buildings can be seen in this image?,Simple_Counting,False,4,"{""answer"": 3}",-4.807173410999894,6934.JPG
How many buildings are in the image?,Simple_Counting,False,5,"{""answer"": 6}",-4.08646787699945,9459.JPG
Is the entire road flooded?,Yes_No,True,No,"{""answer"": ""No""}",-4.177759877000426,7107.JPG
Is the entire road non flooded?,Yes_No,False,No,"{""answer"": ""Yes""}",-4.531520118998742,6603.JPG
What is the overall condition of the given image?,Condition_Recognition,True,non flooded,"{""answer"": ""non flooded""}",-4.153634463998969,6760.JPG
What is the overall condition of the given image?,Condition_Recognition,True,non flooded,"{""answer"": ""non flooded""}",-4.094244918000186,7221.JPG
What is the condition of road?,Condition_Recognition,True,non flooded,"{""answer"": ""non flooded""}",-4.219052616001136,9039.JPG
Is the entire road non flooded?,Yes_No,True,Yes,"{""answer"": ""Yes""}",-3.6077838110013545,6456.JPG
What is the overall condition of the given image?,Condition_Recognition,True,non flooded,"{""answer"": ""non flooded""}",-4.575576989998808,8020.JPG
What is the overall condition of the given image?,Condition_Recognition,True,non flooded,"{""answer"": ""non flooded""}",-4.440901112000574,8488.JPG
What is the overall condition of the given image?,Condition_Recognition,True,non flooded,"{""answer"": ""non flooded""}",-4.016385762000937,7078.JPG
How many buildings are in the image?,Simple_Counting,False,4,"{""answer"": 2}",-4.0805272800007515,7681.JPG
What is the condition of road?,Condition_Recognition,True,flooded,"{
  ""answer"": ""flooded""
}",-4.641570017000049,7481.JPG
Is the entire road flooded?,Yes_No,True,No,"{""answer"": ""No""}",-3.8907070950008347,8488.JPG
Is the entire road flooded?,Yes_No,True,No,"{""answer"": ""No""}",-4.219704594999712,6363.JPG
How many buildings can be seen in this image?,Simple_Counting,True,8,"{""answer"": 8}",-4.491074043000481,7366.JPG
Is the entire road flooded?,Yes_No,True,No,"{""answer"": ""No""}",-3.715558713000064,9094.JPG
What is the overall condition of the given image?,Condition_Recognition,True,non flooded,"{""answer"": ""non flooded""}",-4.204990345999249,7677.JPG
Is the entire road non flooded?,Yes_No,True,Yes,"{""answer"": ""Yes""}",-4.179963104001217,9079.JPG
What is the overall condition of the given image?,Condition_Recognition,True,non flooded,"{""answer"": ""non flooded""}",-4.082409966000341,7825.JPG
How many buildings are non flooded in this image?,Complex_Counting,True,3,"{""answer"": 3}",-4.016216381000049,8822.JPG
What is the overall condition of the given image?,Condition_Recognition,True,non flooded,"{""answer"": ""non flooded""}",-4.168958428999758,8371.JPG
What is the overall condition of the given image?,Condition_Recognition,True,non flooded,"{""answer"": ""non flooded""}",-4.319638741000745,6478.JPG
How many buildings are in this image?,Simple_Counting,False,13,"{""answer"": 10}",-4.365100535998863,7556.JPG
Is the entire road flooded?,Yes_No,True,Yes,"{""answer"": ""Yes""}",-4.256211754000105,7322.JPG
How many buildings are flooded in this image?,Complex_Counting,False,10,"{""answer"": 8}",-4.137564266999107,7475.JPG
What is the overall condition of the given image?,Condition_Recognition,True,non flooded,"{""answer"": ""non flooded""}",-4.097491522999917,8269.JPG
How many buildings are in this image?,Simple_Counting,True,1,"{""answer"": 1}",-4.206580718000623,7230.JPG
What is the overall condition of the given image?,Condition_Recognition,False,non flooded,"{""answer"": ""flooded""}",-4.092880447000425,8943.JPG
Is the entire road non flooded?,Yes_No,True,Yes,"{""answer"": ""Yes""}",-3.8877667609995115,6361.JPG
Is the entire road non flooded?,Yes_No,True,Yes,"{""answer"": ""Yes""}",-4.101328394999655,7230.JPG
What is the condition of the road in this image?,Condition_Recognition,True,non flooded,"{""answer"": ""non flooded""}",-3.7068612509992818,8996.JPG
Is the entire road non flooded?,Yes_No,True,Yes,"{""answer"": ""Yes""}",-4.230325836000702,8909.JPG
What is the overall condition of the given image?,Condition_Recognition,True,non flooded,"{""answer"": ""non flooded""}",-4.282261157000903,7800.JPG
How many buildings are in this image?,Simple_Counting,False,2,"{""answer"": 1}",-4.1806571500001155,6435.JPG
What is the condition of the road in this image?,Condition_Recognition,True,non flooded,"{""answer"": ""non flooded""}",-3.7243798449999304,8342.JPG
What is the condition of the road in this image?,Condition_Recognition,True,non flooded,"{""answer"": ""non flooded""}",-4.155422718999034,8210.JPG
What is the overall condition of the given image?,Condition_Recognition,True,flooded,"{""answer"":""flooded""}",-3.9754510019993177,6617.JPG
Is the entire road non flooded?,Yes_No,True,Yes,"{""answer"": ""Yes""}",-3.969233877998704,9027.JPG
How many buildings can be seen in the image?,Simple_Counting,True,1,"{""answer"": 1}",-4.225999665999552,7108.JPG
What is the overall condition of the given image?,Condition_Recognition,True,non flooded,"{""answer"": ""non flooded""}",-4.2529993429998285,8298.JPG
What is the overall condition of the given image?,Condition_Recognition,True,non flooded,"{""answer"": ""non flooded""}",-4.44320367599903,7882.JPG
Is the entire road non flooded?,Yes_No,True,Yes,"{""answer"": ""Yes""}",-3.667655328001274,9724.JPG
What is the overall condition of the given image?,Condition_Recognition,True,non flooded,"{""answer"": ""non flooded""}",-4.135709655000028,8319.JPG
Is the entire road non flooded?,Yes_No,True,No,"{""answer"": ""No""}",-4.379693926999607,7285.JPG
Is the entire road flooded?,Yes_No,True,No,"{""answer"": ""No""}",-4.207807907001552,6344.JPG
What is the condition of the road in this image?,Condition_Recognition,True,non flooded,"{""answer"": ""non flooded""}",-4.333653609000976,6968.JPG
What is the overall condition of the given image?,Condition_Recognition,True,non flooded,"{""answer"": ""non flooded""}",-4.062705091999305,9026.JPG
How many buildings are non flooded in this image?,Complex_Counting,False,2,"{""answer"": 1}",-4.317118143999323,8560.JPG
How many buildings are non flooded?,Complex_Counting,False,4,"{""answer"": 3}",-3.9755000559998734,10811.JPG
Is the entire road flooded?,Yes_No,True,No,"{""answer"": ""No""}",-4.221349403998829,6388.JPG
What is the overall condition of the given image?,Condition_Recognition,True,non flooded,"{""answer"": ""non flooded""}",-3.6865335019992926,8347.JPG
How many buildings can be seen in the image?,Simple_Counting,True,1,"{""answer"": 1}",-3.8400683640011266,7646.JPG
What is the overall condition of the given image?,Condition_Recognition,True,non flooded,"{""answer"": ""non flooded""}",-4.494954716001303,8603.JPG
How many buildings are non flooded?,Complex_Counting,False,5,"{""answer"": 4}",-3.823445795000225,6645.JPG
